Workbook

Sheet Home Page
A1: ='Data Entry'!C1 -> 29 Ivy Street North
A2: Last Updated: | B2: =TEXT(NOW()," MMMM D, YYYY HH:MM AM/PM") -> March 7, 2026 12:45 PM
A4: ="Numbers For Week Ending " & TEXT(MAX('Data Entry'!B:B), "MMMM D, YYYY") -> Numbers For Week Ending September 11, 2025
A5: Metric | B5: No. Of | C5: WoW Progress
A6: Leads | B6: {=XLOOKUP(MAX('Data Entry'!B:B), 'Data Entry'!B:B, 'Data Entry'!C:C, "No Data Yet", FALSE, -1)} -> 8 | C6: =IFERROR(__xludf.DUMMYFUNCTION("IF(COUNTUNIQUE('Data Entry'!B:B)<2, """", TEXT(XLOOKUP(MAX('Data Entry'!B:B), 'Data Entry'!B:B, 'Data Entry'!C:C, 0, FALSE, -1) - IFERROR(XLOOKUP(LARGE(UNIQUE('Data Entry'!B:B), 2), 'Data Entry'!B:B, 'Data Entry'!C:C, 0, FALSE, -1), 0), ""+0;-0;0""))"),"+2") -> +2
A7: Pre-Qualified | B7: {=XLOOKUP(MAX('Data Entry'!B:B), 'Data Entry'!B:B, 'Data Entry'!D:D, "No Data Yet", FALSE, -1)} -> 4 | C7: =IFERROR(__xludf.DUMMYFUNCTION("IF(COUNTUNIQUE('Data Entry'!B:B)<2, """", TEXT(XLOOKUP(MAX('Data Entry'!B:B), 'Data Entry'!B:B, 'Data Entry'!D:D, 0, FALSE, -1) - IFERROR(XLOOKUP(LARGE(UNIQUE('Data Entry'!B:B), 2), 'Data Entry'!B:B, 'Data Entry'!D:D, 0, FALSE, -1), 0), ""+0;-0;0""))"),"-1") -> -1
A8: Scheduled Showings | B8: {=XLOOKUP(MAX('Data Entry'!B:B), 'Data Entry'!B:B, 'Data Entry'!E:E, "No Data Yet", FALSE, -1)} -> 4 | C8: =IFERROR(__xludf.DUMMYFUNCTION("IF(COUNTUNIQUE('Data Entry'!B:B)<2, """", TEXT(XLOOKUP(MAX('Data Entry'!B:B), 'Data Entry'!B:B, 'Data Entry'!E:E, 0, FALSE, -1) - IFERROR(XLOOKUP(LARGE(UNIQUE('Data Entry'!B:B), 2), 'Data Entry'!B:B, 'Data Entry'!E:E, 0, FALSE, -1), 0), ""+0;-0;0""))"),"-1") -> -1
A9: Showings Completed | B9: {=XLOOKUP(MAX('Data Entry'!B:B), 'Data Entry'!B:B, 'Data Entry'!F:F, "No Data Yet", FALSE, -1)} -> 3 | C9: =IFERROR(__xludf.DUMMYFUNCTION("IF(COUNTUNIQUE('Data Entry'!B:B)<2, """", TEXT(XLOOKUP(MAX('Data Entry'!B:B), 'Data Entry'!B:B, 'Data Entry'!F:F, 0, FALSE, -1) - IFERROR(XLOOKUP(LARGE(UNIQUE('Data Entry'!B:B), 2), 'Data Entry'!B:B, 'Data Entry'!F:F, 0, FALSE, -1), 0), ""+0;-0;0""))"),"-2") -> -2
A10: Applications | B10: {=XLOOKUP(MAX('Data Entry'!B:B), 'Data Entry'!B:B, 'Data Entry'!G:G, "No Data Yet", FALSE, -1)} -> 2 | C10: =IFERROR(__xludf.DUMMYFUNCTION("IF(COUNTUNIQUE('Data Entry'!B:B)<2, """", TEXT(XLOOKUP(MAX('Data Entry'!B:B), 'Data Entry'!B:B, 'Data Entry'!G:G, 0, FALSE, -1) - IFERROR(XLOOKUP(LARGE(UNIQUE('Data Entry'!B:B), 2), 'Data Entry'!B:B, 'Data Entry'!G:G, 0, FALSE, -1), 0), ""+0;-0;0""))"),"+2") -> +2
A11: Weekly Notes
A12: {=XLOOKUP(MAX('Data Entry'!B:B), 'Data Entry'!B:B, 'Data Entry'!H:H, "No Notes Yet", FALSE, -1)} -> We have two applications in place. Still waiting on the lease that was approved to sign the paperwork! We are actively working on finishing the final details on the other application we have in place so we can move forward with them as well potentially. Until we have the lease in place we will continue to show the unit. We have 4 showings for later today (9/11/25).
A16: All Time Performance
A17: Metric | B17: Total | C17: Avg Per Week
A18: Leads | B18: ='Data Entry'!K4 -> 68 | C18: ='Data Entry'!K11 -> 9.7142857
A19: Pre-Qualified | B19: ='Data Entry'!K5 -> 43 | C19: ='Data Entry'!K12 -> 6.1428571
A20: Scheduled Showings | B20: ='Data Entry'!K6 -> 25 | C20: ='Data Entry'!K13 -> 3.5714286
A21: Showings Completed | B21: ='Data Entry'!K7 -> 22 | C21: ='Data Entry'!K14 -> 3.1428571
A22: Applications | B22: ='Data Entry'!K8 -> 2 | C22: ='Data Entry'!K15 -> 2
A23: Days On Market: | B23: ='Data Entry'!D2 -> 39
A24: Current List Price: | B24: ='Data Entry'!D3 -> 1425
A25: Zillow Link: | B25: ='Data Entry'!G2 -> https://www.zillow.com/homedetails/29-Ivy-St-N-Asheville-NC-28804/2086083169_zpid/

Sheet Data Entry
C1: 29 Ivy Street North | J1: Total
C2: Days On Market: | D2: 39 | F2: Zillow Link: | G2: https://www.zillow.com/homedetails/29-Ivy-St-N-Asheville-NC-28804/2086083169_zpid/
C3: Current List Price | D3: 1425
B4: Week Ending In | C4: No. Leads | D4: Pre-Qualified Leads | E4: Scheduled Showngs | F4: Showings Completed | G4: Applications | H4: Weekly Notes | J4: Leads | K4: =SUM(C5:C100) -> 68
B5: 45864 | C5: 14 | D5: 8 | E5: 0 | F5: 0 | H5: Right out the gate there is a lot of interest. I am going to schedule block showings so we can get as many people inside as possible as quickly as possible. I expect to have all showings scheduled by tomorrow. I will update you as I receive feedback from the prospective tenants. | J5: Pre-Qualified | K5: =SUM(D5:D100) -> 43
B6: 45871 | C6: 12 | D6: 6 | E6: 0 | F6: 0 | H6: The tenants were out of town last week and one will be back on Thursday of this week. We plan on doing on Open House on Friday and scheduling individual appointments for any remaining leads who are unable to make it. We will keep you posted on how it goes next week. | J6: Scheduled Showings | K6: =SUM(E:E) -> 25
B7: 45878 | C7: 4 | D7: 4 | E7: 3 | F7: 3 | H7: The Open House yesterday had 3 people turn up, including Zac, and the feedback I received was it was a bit smaller than expected. All prospects were couples with pets. The rain may have deterred some people as well, so anyone who did not show up will get a call from me by tomorrow to schedule a tour. Zac is currently in the process of working on the deck repairs as well and we expect a proposal sent to you by tomorrow morning. | J7: Showings Completed | K7: =SUM(F5:F100) -> 22
B8: 45885 | C8: 13 | D8: 6 | E8: 3 | F8: 2 | H8: The unit is continuing to receive interest, but a lot of people have cancelled appointments last minute due to various personal reasons. We moved one of the tours from today to Thursday and I will need to continue following up with the leads to schedule, and reschedule tours. I will do some follow up calls tomorrow and update the tenants accordingly. | J8: Applications | K8: =SUM(G5:G100) -> 2
B9: 45892 | C9: 11 | D9: 10 | E9: 10 | F9: 9 | H9: I know we already spoke at length on the phone, but to reiterate some of those points. We are continuing to get consistent activity on the unit. We have two people interested in submitting an application, but I need to get back to them about the answers to their questions first. - The gentleman who is requesting a 7 month lease will be offered a rate of $1675 through the end of March/April and we will see if he decides to consider a year lease. - The gentleman from Dallas who is getting a cosigner will be offered a year lease with a 9/18/25 move in date. There are 4 more showings this week as well, so no matter what we will keep pushing.
B10: 45899 | C10: 6 | D10: 5 | E10: 5 | F10: 5 | H10: The unit continues to get activity and multiple tours a week. The lead from Dallas who wanted a 9/18 move in date turned in an application today and we will begin processing tomorrow. The co signers credit is a 780, so fingers crossed everything works out. We showed the unit to another woman today who had 2 dogs, 1 medium and 1 large, but after hearing about how each pet requies additional rent, she was deterred as she mentioned this unit seemed higher on her price range already. We told her if for whatever reason the unit comes down in price, we would let her know in the future. On another note, the tenants vacated the property on Sunday and we performed a walk through yesterday. We should be able to send you a complete written report by end of business tomorrow, but the unit looks good overall. Main concern is the window AC unit having a build up of what we worry could be mold/mildew and we are unsure if it can be fully cleaned. I will provide pictures in my report. Facebook: 231 Clicks, 8 saves, 2 conversations | J10: Average
B11: 45911 | C11: 8 | D11: 4 | E11: 4 | F11: 3 | G11: 2 | H11: We have two applications in place. Still waiting on the lease that was approved to sign the paperwork! We are actively working on finishing the final details on the other application we have in place so we can move forward with them as well potentially. Until we have the lease in place we will continue to show the unit. We have 4 showings for later today (9/11/25). | J11: Leads | K11: =AVERAGE(C5:C100) -> 9.7142857
J12: Pre-Qualified | K12: =AVERAGE(D5:D100) -> 6.1428571
J13: Scheduled Showings | K13: =AVERAGE(E5:E100) -> 3.5714286
J14: Showings Completed | K14: =AVERAGE(F5:F100) -> 3.1428571
J15: Applications | K15: =AVERAGE(G5:G100) -> 2
